{"coverage": 86.48648648648648, "raw_data": {"meta": {"format": 2, "version": "7.4.1", "timestamp": "2024-02-20T08:53:11.210096", "branch_coverage": false, "show_contexts": false}, "files": {"src/__init__.py": {"executed_lines": [1], "summary": {"covered_lines": 0, "num_statements": 0, "percent_covered": 100.0, "percent_covered_display": "100", "missing_lines": 0, "excluded_lines": 0}, "missing_lines": [], "excluded_lines": []}, "src/logger_setup.py": {"executed_lines": [1, 25, 26, 27, 30, 31, 34, 35, 36, 38, 39, 40, 41, 43, 46, 47, 48], "summary": {"covered_lines": 16, "num_statements": 16, "percent_covered": 100.0, "percent_covered_display": "100", "missing_lines": 0, "excluded_lines": 0}, "missing_lines": [], "excluded_lines": []}, "src/mustrd.py": {"executed_lines": [1, 25, 26, 28, 29, 31, 32, 34, 35, 36, 38, 40, 41, 43, 44, 45, 46, 48, 49, 50, 51, 52, 53, 54, 55, 56, 58, 60, 61, 63, 66, 76, 78, 80, 81, 82, 83, 84, 85, 87, 89, 90, 91, 92, 93, 94, 95, 98, 99, 100, 101, 102, 105, 106, 107, 108, 111, 112, 113, 116, 117, 118, 121, 122, 123, 124, 127, 128, 129, 132, 133, 134, 137, 138, 139, 142, 143, 144, 147, 148, 149, 152, 153, 154, 157, 158, 159, 162, 163, 164, 167, 168, 169, 172, 173, 174, 179, 181, 182, 183, 184, 186, 187, 188, 190, 191, 193, 194, 195, 204, 215, 216, 217, 218, 219, 222, 228, 229, 230, 231, 232, 233, 234, 235, 236, 239, 240, 241, 242, 243, 244, 246, 249, 253, 256, 258, 267, 268, 271, 273, 274, 275, 276, 281, 282, 283, 294, 297, 298, 300, 304, 305, 306, 308, 309, 310, 318, 330, 331, 332, 334, 335, 336, 338, 339, 341, 344, 345, 346, 348, 349, 350, 351, 352, 354, 355, 356, 357, 358, 359, 360, 361, 363, 364, 365, 384, 385, 386, 387, 389, 390, 392, 393, 394, 395, 396, 397, 401, 405, 406, 409, 410, 412, 414, 415, 419, 420, 421, 422, 423, 424, 428, 435, 437, 440, 441, 445, 446, 448, 449, 452, 453, 454, 459, 460, 461, 462, 466, 467, 469, 470, 471, 472, 473, 474, 475, 476, 477, 478, 481, 482, 483, 484, 485, 486, 487, 488, 489, 490, 491, 492, 493, 494, 495, 496, 498, 500, 501, 503, 504, 505, 510, 511, 512, 513, 514, 515, 516, 517, 518, 521, 522, 523, 525, 526, 527, 528, 529, 530, 533, 534, 535, 536, 541, 543, 544, 545, 555, 556, 557, 558, 559, 560, 561, 562, 564, 567, 568, 569, 572, 573, 574, 577, 579, 580, 583, 584, 585, 586, 587, 589, 590, 591, 593, 596, 602, 610, 611, 612, 613, 614, 615, 616, 617, 620, 641, 643, 644, 645, 646, 649, 651, 652, 653, 654, 656, 657, 658, 660, 661, 662, 664, 665, 666, 668, 670, 672, 673, 674, 675, 676, 677, 678, 680, 681, 684, 685, 686, 688, 689, 690, 692, 693, 694, 696, 697, 700, 701, 702, 703, 706, 707, 709, 710, 711, 713, 714, 715, 718, 719, 722, 726, 731, 732, 734, 735, 736, 737, 740, 742, 743, 747, 748, 751], "summary": {"covered_lines": 393, "num_statements": 487, "percent_covered": 80.69815195071868, "percent_covered_display": "81", "missing_lines": 94, "excluded_lines": 0}, "missing_lines": [68, 70, 71, 72, 73, 74, 196, 197, 198, 199, 200, 202, 223, 224, 225, 259, 260, 261, 262, 263, 264, 265, 277, 278, 284, 285, 287, 288, 290, 291, 292, 307, 320, 321, 322, 323, 324, 325, 326, 327, 362, 366, 368, 369, 370, 371, 372, 373, 374, 407, 408, 416, 417, 432, 433, 434, 442, 443, 455, 520, 604, 605, 606, 607, 621, 636, 638, 741, 745, 752, 753, 754, 755, 756, 757, 758, 759, 760, 761, 763, 764, 765, 766, 767, 768, 769, 770, 771, 772, 774, 775, 776, 777, 778], "excluded_lines": []}, "src/mustrdAnzo.py": {"executed_lines": [1, 25, 26, 27, 28, 29, 30, 31, 35, 47, 54, 70, 100, 120, 133, 154, 169, 185, 208, 226], "summary": {"covered_lines": 19, "num_statements": 108, "percent_covered": 17.59259259259259, "percent_covered_display": "18", "missing_lines": 89, "excluded_lines": 0}, "missing_lines": [36, 37, 38, 39, 40, 41, 42, 44, 48, 49, 50, 51, 52, 55, 56, 57, 58, 60, 62, 63, 67, 68, 71, 72, 73, 75, 78, 80, 81, 86, 87, 89, 95, 96, 97, 101, 102, 103, 104, 106, 107, 112, 113, 114, 115, 116, 121, 122, 125, 129, 130, 134, 143, 147, 148, 149, 150, 155, 161, 164, 166, 171, 178, 181, 182, 186, 202, 205, 209, 211, 212, 213, 214, 215, 216, 217, 218, 219, 221, 222, 223, 227, 228, 229, 230, 231, 233, 234, 235], "excluded_lines": []}, "src/mustrdGraphDb.py": {"executed_lines": [1, 25, 26, 27, 28, 32, 46, 64, 68, 72, 76, 81, 94, 111], "summary": {"covered_lines": 13, "num_statements": 56, "percent_covered": 23.214285714285715, "percent_covered_display": "23", "missing_lines": 43, "excluded_lines": 0}, "missing_lines": [33, 34, 35, 36, 37, 38, 39, 40, 41, 43, 47, 48, 49, 50, 51, 52, 56, 60, 61, 65, 69, 73, 77, 78, 82, 83, 84, 90, 91, 95, 99, 100, 101, 107, 108, 112, 113, 114, 115, 116, 117, 119, 125], "excluded_lines": []}, "src/mustrdRdfLib.py": {"executed_lines": [1, 25, 26, 27, 30, 31, 32, 33, 34, 39, 40, 41, 42, 43, 48, 49, 50, 51, 52, 53, 54], "summary": {"covered_lines": 20, "num_statements": 26, "percent_covered": 76.92307692307692, "percent_covered_display": "77", "missing_lines": 6, "excluded_lines": 0}, "missing_lines": [35, 36, 44, 45, 55, 56], "excluded_lines": []}, "src/namespace.py": {"executed_lines": [1, 25, 26, 29, 30, 33, 34, 35, 36, 37, 38, 39, 42, 43, 44, 45, 46, 47, 48, 49, 50, 51, 52, 53, 54, 55, 56, 57, 58, 59, 60, 63, 64, 65, 66, 67, 68, 69, 70, 71, 72, 73, 76, 77, 78, 81, 82, 83, 84, 85, 86, 89, 90, 93, 94, 95, 96, 97, 98, 99, 100, 101, 104, 105, 106, 109, 110], "summary": {"covered_lines": 66, "num_statements": 66, "percent_covered": 100.0, "percent_covered_display": "100", "missing_lines": 0, "excluded_lines": 0}, "missing_lines": [], "excluded_lines": []}, "src/spec_component.py": {"executed_lines": [1, 25, 26, 27, 28, 29, 31, 32, 33, 34, 35, 36, 38, 39, 40, 41, 42, 44, 47, 48, 49, 52, 53, 54, 57, 58, 59, 60, 61, 63, 64, 65, 66, 68, 69, 70, 71, 74, 75, 76, 79, 80, 81, 82, 83, 84, 85, 86, 87, 89, 90, 91, 92, 95, 96, 97, 102, 108, 110, 111, 112, 113, 114, 122, 123, 126, 132, 135, 137, 139, 140, 145, 148, 149, 150, 153, 156, 157, 158, 159, 161, 162, 163, 164, 165, 166, 169, 170, 171, 174, 175, 176, 177, 179, 180, 181, 182, 183, 184, 187, 188, 189, 191, 194, 195, 196, 198, 199, 200, 201, 203, 204, 205, 208, 209, 212, 215, 216, 217, 218, 221, 222, 223, 225, 228, 229, 230, 234, 237, 238, 239, 241, 244, 245, 246, 248, 251, 252, 253, 255, 257, 259, 261, 262, 263, 264, 265, 267, 268, 270, 272, 275, 279, 284, 285, 286, 288, 291, 292, 296, 297, 298, 299, 300, 302, 303, 307, 308, 309, 310, 314, 315, 319, 320, 321, 323, 325, 328, 329, 331, 334, 350, 351, 352, 355, 359, 360, 362, 366, 367, 368, 369, 381, 382, 383, 385, 387, 389, 392, 393, 394, 395, 398, 399, 400, 402, 405, 406, 407, 408, 410, 413, 416, 417, 418, 437, 438, 459, 460, 477, 478, 497, 498, 522, 523, 524, 529, 530, 531, 532, 533, 536, 537, 538, 541, 544, 545, 546, 547, 549, 551, 554, 558, 561, 562, 565, 568, 571, 588, 589, 592, 596, 610, 612, 614, 615, 616, 617, 619, 621, 623, 624, 625, 626, 627, 628, 629, 630, 632, 634, 636, 637, 638, 639, 642, 644, 645, 647, 648, 650, 651, 652, 653, 656, 657, 682, 683], "summary": {"covered_lines": 286, "num_statements": 358, "percent_covered": 79.88826815642459, "percent_covered_display": "80", "missing_lines": 72, "excluded_lines": 0}, "missing_lines": [94, 99, 124, 142, 190, 231, 232, 233, 271, 293, 304, 305, 311, 312, 313, 326, 370, 373, 376, 378, 419, 421, 423, 425, 427, 432, 434, 439, 442, 443, 445, 447, 452, 454, 456, 461, 464, 465, 467, 471, 473, 475, 479, 482, 483, 485, 487, 488, 491, 493, 495, 499, 501, 502, 504, 508, 509, 510, 511, 512, 513, 514, 515, 518, 519, 520, 534, 540, 550, 559, 563, 564], "excluded_lines": []}, "src/steprunner.py": {"executed_lines": [1, 25, 27, 28, 29, 30, 31, 32, 33, 34, 35, 36, 37, 38, 39, 40, 41, 42, 44, 47, 48, 49, 50, 53, 56, 57, 58, 61, 62, 66, 67, 71, 72, 73, 74, 75, 78, 81, 82, 86, 87, 91, 92, 96, 97, 101, 102, 106, 107, 111, 112, 113, 116, 117, 118, 121, 122, 123, 126, 127, 153, 154, 155, 156, 157, 158, 161, 162, 164, 165, 166], "summary": {"covered_lines": 70, "num_statements": 94, "percent_covered": 74.46808510638297, "percent_covered_display": "74", "missing_lines": 24,