{"coverage": 87.72563176895306, "raw_data": {"meta": {"version": "7.3.2", "timestamp": "2023-10-03T14:20:48.386637", "branch_coverage": false, "show_contexts": false}, "files": {"src/__init__.py": {"executed_lines": [1], "summary": {"covered_lines": 0, "num_statements": 0, "percent_covered": 100.0, "percent_covered_display": "100", "missing_lines": 0, "excluded_lines": 0}, "missing_lines": [], "excluded_lines": []}, "src/logger_setup.py": {"executed_lines": [1, 25, 26, 27, 30, 31, 34, 35, 36, 38, 39, 40, 41, 43, 46, 47, 48], "summary": {"covered_lines": 16, "num_statements": 16, "percent_covered": 100.0, "percent_covered_display": "100", "missing_lines": 0, "excluded_lines": 0}, "missing_lines": [], "excluded_lines": []}, "src/mustrd.py": {"executed_lines": [1, 25, 26, 28, 29, 31, 32, 34, 35, 36, 38, 40, 41, 42, 44, 45, 46, 47, 49, 50, 51, 52, 53, 54, 55, 57, 59, 60, 63, 64, 65, 66, 67, 68, 69, 72, 73, 74, 75, 76, 79, 80, 81, 82, 85, 86, 87, 90, 91, 92, 95, 96, 97, 98, 101, 102, 103, 106, 107, 108, 111, 112, 113, 116, 117, 118, 121, 122, 123, 126, 127, 128, 131, 132, 133, 136, 137, 138, 141, 142, 143, 146, 147, 148, 153, 156, 157, 158, 159, 160, 161, 163, 164, 166, 167, 168, 177, 188, 189, 190, 191, 194, 195, 196, 197, 198, 200, 201, 202, 203, 206, 207, 209, 210, 211, 214, 216, 217, 218, 219, 224, 225, 226, 237, 240, 241, 243, 246, 248, 249, 252, 254, 260, 262, 268, 270, 276, 279, 290, 291, 292, 294, 295, 296, 316, 317, 318, 319, 322, 325, 326, 327, 329, 332, 335, 336, 337, 338, 339, 342, 343, 344, 345, 347, 350, 351, 352, 355, 359, 360, 364, 365, 366, 369, 372, 373, 374, 375, 377, 378, 380, 381, 382, 383, 384, 385, 389, 395, 396, 398, 399, 403, 404, 405, 406, 407, 408, 412, 418, 420, 423, 424, 428, 429, 431, 432, 435, 436, 437, 442, 443, 444, 446, 447, 448, 449, 450, 451, 452, 453, 454, 455, 459, 460, 461, 462, 463, 464, 465, 469, 470, 471, 472, 473, 474, 475, 476, 477, 478, 479, 480, 481, 482, 483, 484, 486, 488, 489, 491, 492, 493, 498, 505, 507, 508, 509, 510, 511, 512, 513, 514, 518, 519, 521, 522, 523, 525, 526, 528, 529, 530, 531, 534, 535, 536, 537, 540, 542, 543, 544, 545, 546, 547, 549, 551, 552, 554, 557, 559, 560, 563, 564, 565, 567, 568, 569, 571, 573, 574, 576, 577, 582, 588, 590, 591, 594, 595, 596, 597, 599, 600, 601, 606, 612, 614, 615, 617, 618, 619, 620, 622, 624, 625, 626, 627, 630, 631, 632, 633, 634, 635, 636, 637, 640, 661, 663, 664, 665, 666, 669, 671, 672, 673, 674, 676, 677, 678, 680, 681, 682, 684, 685, 686, 688, 690, 692, 693, 694, 695, 696, 697, 698, 701, 704, 705, 706, 708, 709, 710, 712, 713, 714, 716, 717, 720, 721, 722, 723, 724, 727, 728, 730, 731, 732, 734, 735, 736, 739, 740, 743, 747, 752, 753, 755, 756, 757, 758, 761, 763, 764, 768, 769, 772], "summary": {"covered_lines": 402, "num_statements": 478, "percent_covered": 84.10041841004184, "percent_covered_display": "84", "missing_lines": 76, "excluded_lines": 0}, "missing_lines": [169, 170, 171, 172, 173, 175, 220, 221, 227, 228, 230, 231, 233, 234, 235, 250, 280, 281, 282, 283, 284, 285, 286, 287, 297, 298, 299, 300, 302, 303, 304, 305, 306, 307, 308, 353, 354, 356, 357, 367, 368, 393, 394, 400, 401, 416, 417, 425, 426, 438, 516, 578, 579, 602, 603, 641, 656, 658, 762, 766, 773, 774, 775, 776, 777, 778, 779, 780, 781, 782, 783, 785, 786, 787, 788, 789], "excluded_lines": []}, "src/mustrdAnzo.py": {"executed_lines": [1, 25, 26, 27, 28, 29, 33, 45, 53, 69, 87, 99, 119, 134, 148], "summary": {"covered_lines": 14, "num_statements": 76, "percent_covered": 18.42105263157895, "percent_covered_display": "18", "missing_lines": 62, "excluded_lines": 0}, "missing_lines": [34, 35, 36, 37, 38, 39, 40, 42, 46, 47, 48, 49, 50, 54, 55, 56, 57, 58, 60, 61, 65, 66, 70, 71, 72, 73, 74, 76, 77, 82, 83, 88, 89, 91, 95, 96, 100, 109, 112, 113, 114, 115, 120, 128, 130, 135, 136, 137, 138, 139, 140, 141, 143, 144, 145, 149, 150, 151, 152, 154, 155, 156], "excluded_lines": []}, "src/mustrdGraphDb.py": {"executed_lines": [1, 25, 26, 27, 28, 32, 46, 64, 68, 73, 78, 84, 97, 114], "summary": {"covered_lines": 13, "num_statements": 59, "percent_covered": 22.033898305084747, "percent_covered_display": "22", "missing_lines": 46, "excluded_lines": 0}, "missing_lines": [33, 34, 35, 36, 37, 38, 39, 40, 41, 43, 47, 48, 49, 50, 51, 52, 56, 60, 61, 65, 69, 70, 74, 75, 79, 80, 81, 85, 86, 87, 93, 94, 98, 102, 103, 104, 110, 111, 115, 116, 117, 118, 119, 120, 122, 128], "excluded_lines": []}, "src/mustrdRdfLib.py": {"executed_lines": [1, 25, 26, 27, 30, 31, 32, 33, 34, 39, 40, 41, 42, 43, 48, 49, 50, 51, 52, 53, 54], "summary": {"covered_lines": 20, "num_statements": 26, "percent_covered": 76.92307692307692, "percent_covered_display": "77", "missing_lines": 6, "excluded_lines": 0}, "missing_lines": [35, 36, 44, 45, 55, 56], "excluded_lines": []}, "src/namespace.py": {"executed_lines": [1, 25, 26, 29, 30, 33, 34, 35, 36, 37, 38, 41, 42, 43, 44, 45, 46, 47, 48, 49, 50, 51, 52, 53, 54, 55, 56, 57, 60, 61, 62, 63, 64, 65, 66, 67, 68, 69, 70, 73, 74, 77, 78, 79, 80, 81, 82, 85, 86, 89, 90, 91, 92, 93, 94, 95, 98, 99], "summary": {"covered_lines": 57, "num_statements": 57, "percent_covered": 100.0, "percent_covered_display": "100", "missing_lines": 0, "excluded_lines": 0}, "missing_lines": [], "excluded_lines": []}, "src/spec_component.py": {"executed_lines": [1, 25, 26, 27, 28, 29, 31, 32, 33, 34, 35, 37, 38, 39, 40, 41, 43, 46, 47, 48, 51, 52, 53, 56, 57, 58, 59, 60, 63, 64, 65, 66, 69, 70, 71, 74, 75, 76, 77, 78, 79, 80, 81, 82, 85, 90, 92, 93, 94, 95, 96, 97, 100, 108, 112, 115, 117, 120, 121, 126, 129, 130, 131, 134, 137, 138, 139, 140, 142, 143, 144, 145, 146, 147, 150, 151, 152, 154, 155, 158, 159, 160, 161, 163, 164, 165, 166, 167, 168, 171, 172, 173, 175, 178, 179, 180, 184, 185, 188, 189, 190, 191, 193, 194, 195, 198, 201, 202, 203, 204, 207, 208, 209, 211, 214, 215, 216, 220, 223, 224, 225, 227, 230, 231, 233, 235, 238, 239, 240, 242, 244, 246, 249, 250, 251, 254, 255, 256, 257, 258, 260, 261, 265, 266, 267, 268, 269, 272, 273, 276, 277, 278, 280, 282, 283, 284, 285, 289, 292, 293, 294, 296, 298, 299, 300, 302, 304, 307, 308, 309, 311, 313, 314, 315, 318, 319, 320, 323, 327, 328, 331, 335, 336, 337, 338, 350, 351, 352, 354, 356, 358, 361, 362, 363, 364, 367, 368, 369, 371, 374, 375, 376, 377, 379, 382, 385, 386, 387, 406, 407, 428, 429, 430, 435, 436, 437, 438, 439, 440, 441, 445, 448, 449, 450, 453, 454, 455, 456, 458, 460, 463, 467, 470, 471, 472, 473, 474, 477, 480, 497, 498, 501, 504, 523, 525, 526, 527, 529, 530, 531, 532, 533, 535, 536, 537, 538, 539, 540, 541, 542, 544, 547, 548, 550, 551, 553, 556, 558, 559, 561, 562, 564, 565, 566, 567, 570, 571, 596, 597], "summary": {"covered_lines": 278, "num_statements": 313, "percent_covered": 88.81789137380191, "percent_covered_display": "89", "missing_lines": 35, "excluded_lines": 0}, "missing_lines": [123, 153, 174, 217, 218, 219, 262, 263, 270, 271, 286, 287, 288, 339, 342, 345, 347, 388, 390, 392, 394, 396, 401, 403, 408, 411, 412, 414, 416, 421, 423, 425, 443, 459, 468], "excluded_lines": []}, "src/triple_store_dispatch.py": {"executed_lines": [1, 24, 25, 27, 28, 29, 30, 31, 32, 33, 34, 35, 36, 39, 42, 43, 44, 45, 48, 51, 52, 53, 56, 57, 61, 62, 66, 67, 71, 72, 73, 74, 77, 80, 81, 82, 85, 86, 90, 91, 95, 96, 100, 101, 102, 103, 106, 109, 110, 111, 114, 115, 119, 120, 121], "summary": {"covered_lines": 54, "num_statements": 61, "percent_covered": 88.52459016393442, "percent_covered_display": "89", "missing_lines": 7, "excluded_lines": 0}, "missing_lines": [58, 63, 68, 87, 92, 97, 116], "excluded_lines": []}, "src/utils.py": {"executed_lines": [1, 25, 29, 30], "summary": {"covered_lines": 3, "num_statements": 3, "percent_covered": 100.0, "percent_covered_display": "100", "missing_lines": 0, "excluded_lines": 0}, "missing_lines": [], "excluded_lines": []}, "test/__init__.py": {"executed_lines": [1], "summary": {"covered_lines": 0, "num_statements": 0, "percent_covered": 100.0, "percent_covered_display": "100", "missing_lines": 0,